1;967123;BzZko8r9;True
2;322345;nUP9yFyv;True
3;895756;QoA79jyU;True
4;446996;DdZ5D3Y9;True
5;767611;o9eTPPkY;True
6;667278;KT6CiNQm;True
7;681946;7hHSDDHh;True
8;880449;3qbYYAD5;True
9;242713;3QuZhrJ5;True
10;525599;D2coTFrK;True
11;862435;nQzy3YA5;True
12;453832;8LDjo8eM;True
13;422669;Z4yarqCQ;True
14;708762;bNzBvk5Q;True
15;875560;Sozjnt4a;True
16;539817;oNnK6ACs;True
17;470949;KF6evYWN;True
18;495852;SQj8wyhL;True
19;686714;eQnsq6nB;True
20;824639;3AKQbHTq;True
21;112262;KXsXS5Vt;True
22;973754;dveN5nTA;True
23;668960;6RMkPoZb;True
24;181103;4pzuSjrk;True
25;282440;D6wQiNu2;True
26;184493;o7yCY2Xk;True
27;642497;bNc9EWBM;True
28;737929;dgaG9ENZ;True
29;328946;r4wxZCtm;True
30;544835;LX4qey6o;True
31;939531;b9PCkzNX;False
32;684852;o5SzeEvV;False
33;690004;5cHQnCVa;False
34;276144;E3jjMfoB;False
35;552670;id5iFEfF;False
36;747274;RN2Tpkx9;False
37;543632;R9rijDRS;False
38;966763;UEgVYJ7j;False
39;248444;96hnDfxB;False
40;644054;TtXbPA92;False
41;754746;qgoHLq5v;False
42;938182;75Ca43hm;False
43;111738;aovsax9E;False
44;618503;wJLKxXR4;False
45;146983;Nm7EDxeN;False
46;735781;95zwuH9e;False
47;558529;jfUoyQ69;False
48;527730;C9zWTRn5;False
49;256942;6qTHkDCG;False
50;178431;AwqV3WsP;False
51;425624;PcWnKS9Y;False
52;244262;4xnBXDg6;False
53;868790;kY9hzDU6;False
54;818518;rQMWsn52;False
55;306062;mrxYf9m7;False
56;768521;3G9gejws;False
57;469706;yptPJ6gw;False
58;365267;7gYVVc4u;False
59;914391;b7kTh2ry;False
60;795430;xss3VSqA;False
61;455203;XgLeHeB2;False
62;175330;Wj4bg6uA;False
63;617917;2EJtHvhG;False
64;504653;y4QcraUr;False
65;963130;ccUcbQ5U;False
66;259250;eo46M473;False
67;488072;hrZ4AgJf;False
68;953845;yuCS7UBC;False
69;882151;2hZfVKvW;False
70;556179;5Do2b9Kg;False
71;637106;uxEo6eKC;False
72;460310;KoiH753M;False
73;355307;4ovTmxpT;False
74;880782;Wv34DVwX;False
75;238626;NPPkPW5F;False
76;508938;Mj95f7Dc;False
77;478776;54MJEaug;False
78;560302;G6CxUYB4;False
79;588583;CQ4qsuxJ;False
80;319693;MoWAB2Dp;False
81;221776;Qp3ijUTt;False
82;362851;7R9Woisr;False
83;776209;ucU7E6ra;False
84;318192;KNgmU9x3;False
85;529145;ksaRT8v4;False
86;299124;YodC2vDz;False
87;550212;U4eJdiFE;False
88;590736;FNiLj6iX;False
89;174490;bhz2SbEb;False
90;361926;7L8yVQ2F;False
91;792682;rheePS82;False
92;511615;m7oezC8A;False
93;138891;u38zSXag;False
94;233987;gb5bB6uW;False
95;167263;uha4MRXQ;False
96;711450;czWr9tJD;False
97;280079;wJ7LxHJL;False
98;567668;RVKQ5tfo;False
99;593772;As7ArW2u;False
100;530407;p2pt5JSP;False
101;116143;EN8KRWcN;False
102;395674;MGfwz8as;False
103;410691;YNH5TVby;False
104;294133;c7gbrbML;False
105;864283;VgnCr9EB;False
106;116215;PRM5eRK6;False
107;332200;JzhgH4UF;False
108;121507;rGeoK5Ky;False
109;832764;w9YBYzcy;False
110;507039;HXrJmME4;False
111;799722;V7XUwYLD;False
112;299140;Fy93yQxt;False
113;535052;zKitJRQ4;False
114;717052;nJ3F86qg;False
115;384646;WXoJVJo3;False
116;347803;5GoxzCAJ;False
117;927000;pcpAfTR7;False
118;858152;bpFg3kYg;False
119;436685;Ub769X98;False
120;662735;4AyAvAou;False
121;997210;P47pCxPG;False
122;134838;rnUqNe4N;False
123;572567;K34UyZMQ;False
124;734706;wZm7qaiA;False
125;784515;3DvjNovf;False
126;885955;HoLoDg8L;False
127;918668;PVtB9WS4;False
128;602856;kCK6qqRb;False
129;130871;XWfU4U7M;False
130;459953;XzjKVkE6;False
131;714161;JB9Kuz3V;False
132;752308;EtygVik3;False
133;990237;aQPS5yU8;False
134;713263;9WxCWNRL;False
135;826553;wry5TQuR;False
136;896667;Uz3mofAW;False
137;951752;Zy2yPNAC;False
138;607678;o6RJedH5;False
139;268102;moMu6jmf;False
140;760572;Kx5p9fVe;False
141;775636;PZ8KXM2f;False
142;140459;qLXo53p3;False
143;475230;tJ4KqiLb;False
144;684842;ghWC87Sb;False
145;343205;rpvH3fZP;False
146;375232;d8hSkNq8;False
147;372541;A24DDd9W;False
148;616078;X5gxBZ2k;False
149;234786;ijtSvn7X;False
150;278505;9wbwRjT7;False
151;475373;84TkRBA2;False
152;627822;6GhxUAjM;False
153;648371;a3JixLKo;False
154;125420;j7YUYKSb;False
155;151205;eeU4GUCS;False
156;675482;nZB5fRt6;False
157;603538;e5UDGpXa;False
158;501625;C9KNX6Nb;False
159;678793;UDkqf5x8;False
160;985945;nSCoo65y;False
161;296357;VspC7w7o;False
162;858015;XDPQ4dVe;False
163;343748;i8fP6Zm3;False
164;301188;dgEDD66S;False
165;704823;DVK8oZR7;False
166;542954;Cnimc5XK;False
167;727590;dXoQJ4Tm;False
168;315594;S54q7fc4;False
169;365180;4ZBWJwm5;False
170;975786;yHuHZ3pH;False
171;703194;Psx76rG5;False
172;477939;aY9jzPAS;False
173;298471;zhQoxt7P;False
174;315283;y8aMbiB9;False
175;692558;JW5BHvfc;False
176;634487;4xTX9xgs;False
177;155090;uo5fXWTE;False
178;925813;M4R2YzgE;False
179;431104;wB9jKxw4;False
180;252169;S4EnaXre;False
181;325393;Yhx9Wt4J;False
182;807736;Zj8nZ8sR;False
183;835950;h8jhbTXy;False
184;889688;Ha5BijPJ;False
185;111968;jHG79yZg;False
186;527341;VXQPB3qz;False
187;797962;qgToa5cs;False
188;115742;Spy2VPQm;False
189;325870;8cPMcWYY;False
190;694460;2zEVvmZ5;False
191;534795;ZEtLB6RW;False
192;732024;sA7L2waQ;False
193;679148;MB5kmoFN;False
194;439138;wndD67Ld;False
195;482605;39ZMhP8u;False
196;438545;pE3MZwy9;False
197;849244;Hhi8bVWy;False
198;150277;VYYj9u4u;False
199;468919;tY6JSd49;False
200;725136;m7uqVSEZ;False
201;263102;gqfFZ4b6;False
202;512139;9DVZHVep;False
203;860132;au5DKCEm;False
204;263490;S8B4Xss9;False
205;904332;D8XHbkgQ;False
206;244350;pR6QXEb3;False
207;182508;xwbB45Vm;False
208;300218;MXcYJUE4;False
209;142400;w2VtMH9E;False
210;534525;ivH444W6;False
211;436241;oQs3ZKBq;False
212;441532;wDSxKGb9;False
213;978000;Uy3aVgc3;False
214;933449;oMuSL5Ay;False
215;157573;GwdoLa8C;False
216;500837;Pz73qsds;False
217;537777;pyi7ajZD;False
218;655684;9iqKdNBM;False
219;436739;RnaMaa7H;False
220;742567;GmTUqH6U;False
221;459990;34vWHAYk;False
222;537478;oqnv9Tax;False
223;441103;K8xRwBup;False
224;456220;Mdpt9LTj;False
225;621887;xv9wuLu5;False
226;356840;Us4XmR5A;False
227;599738;TpH473WR;False
228;860497;BoA7AvtC;False
229;114611;H94bmPLo;False
230;945791;WtDnQpv4;False
231;827573;vrbdFq5V;False
232;946377;29S8Etzq;False
233;286780;tMs7PQzG;False
234;199553;7KMLDfYG;False
235;546172;7HBxkm5j;False
236;275121;Q9ssFyVL;False
237;322945;xy9eWvoN;False
238;350379;x3C73gF3;False
239;704643;UfV8wVDH;False
240;817995;Wmbp3B6S;False
241;276068;5cHu2Fw5;False
242;285062;2JWkqYVH;False
243;647354;nL7QKDiq;False
244;656659;Rt2gU9DK;False
245;677361;KSa96n6Y;False
246;837451;pX3UiKpg;False
247;990155;ZRVaGXb9;False
248;504798;7G6uE3GV;False
249;448787;sdDoEiS6;False
250;449925;NkG4UDH6;False
251;181612;fJbW2vEB;False
252;175380;iLNBL4UJ;False
253;477971;rXwUToZ4;False
254;712851;Qp8eZsXz;False
255;509370;gXuU2m4z;False
256;648641;tp42KzWR;False
257;346152;egzw8oVW;False
258;733828;Hadp2VFk;False
259;981460;Hi7erzxL;False
260;897387;UfkHfBr9;False
261;367359;xREXQwi8;False
262;329663;FfBwGpW7;False
263;845888;TWtM7dAW;False
264;646582;yQvfS8ZS;False
265;873907;qTi2Aruc;False
266;417901;XVnUc7he;False
267;246993;RPpBhVu9;False
268;665036;y7xrJH8F;False
269;179968;xQgR4UTn;False
270;711293;m7uBZ2Qe;False
271;207265;aJBBKBt5;False
272;179521;HnuDfz73;False
273;994128;vA5xdHgf;False
274;473253;fHdwy265;False
275;942769;bn9HRyQB;False
276;961646;TLDeRQb2;False
277;911002;LGR9zgaF;False
278;751030;V4QN9uQp;False
279;887220;Kut4TY2i;False
280;580688;xjENYFc2;False
281;834508;7EGnbPkU;False
282;857964;Fv94W4xT;False
283;958080;Cx386ghf;False
284;859470;cFFbj2f2;False
285;446927;3AVTKaXd;False
286;755875;vCgzx53d;False
287;390983;BTUFRWe7;False
288;628847;3e8Wbm9k;False
289;349975;J2TZUosD;False
290;923501;GS3dNzVg;False
291;852370;KU7PdZwr;False
292;428597;utq8Cicr;False
293;399241;CVtpukv7;False
294;218405;L4giQbKH;False
295;396873;uoeE3C4A;False
296;311684;YYDNF6xR;False
297;937311;HPVxpLP5;False
298;373975;9LHuZctY;False
299;571556;qjt84rDD;False
300;149105;qLH2smao;False
301;300572;95Xzfn57;False
302;812266;k2jN6hUf;False
303;259460;2EmzbEWf;False
304;887049;D2wXw4t3;False
305;696021;xbu2ZYEF;False
306;516992;RTEj7Sqh;False
307;604572;36x4JWLH;False
308;242464;sRQ468ro;False
309;114147;XXdyHHy6;False
310;794862;gCF3jzXZ;False
311;579576;Q6MdmABM;False
312;511246;3gzszkdY;False
313;672388;eV24TgSV;False
314;743275;T7aZrM4j;False
315;585671;m6NhWQw6;False
316;284272;rCTG5v47;False
317;844700;RDYdNrb9;False
318;946247;Xg3bPLUk;False
319;175020;NvGP5rPx;False
320;598533;X8fohbLu;False
321;879654;5Y7tX6o2;False
322;792594;tK9jZXAV;False
323;780092;YWXskox8;False
324;898170;aiCSFc4V;False
325;625990;DmP6ELK4;False
326;545618;mKrce2x8;False
327;429055;8YkjkHwv;False
328;276195;QA9JyDvv;False
329;999784;i3jw2nQ3;False
330;532051;vtyRhY74;False
331;829611;gBCZcy2N;False
332;208113;8qvCwtPT;False
333;743892;Jd2vXGwe;False
334;244082;XzTrP4DR;False
335;506250;Yub7dJDn;False
336;787972;8Vzs8DrJ;False
337;615435;i3HwghsR;False
338;250300;ndzqS9Z2;False
339;397288;5ZV8wsWw;False
340;864742;qcod9Mnu;False
341;766349;9nCyZsos;False
342;647249;AD4xpST8;False
343;635531;akLc3koz;False
344;371855;qmgSJZ9k;False
345;290305;J2iLRyNt;False
346;325594;qMsRX2UQ;False
347;435177;PeBtcw6E;False
348;952808;n3CJzMWL;False
349;189550;jU77nhRd;False
350;696400;KaUpmt9Z;False
351;598028;HQXhrq7r;False
352;505189;LJ9nSN3P;False
353;589782;Ce9sY5QW;False
354;846252;humP5gXE;False
355;558849;tNhH9qwC;False
356;769318;b3kmKjA7;False
357;652327;WEeJ7BzH;False
358;600750;oQn4EnoC;False
359;295432;GtgnP4D9;False
360;642972;4dZXJu9z;False
361;906695;cLb4HTdq;False
362;112843;J3nEtJK7;False
363;430759;k7zX86eo;False
364;359918;6bFq6Ubr;False
365;323721;23weJrRG;False
366;847337;aG7mrKCp;False
367;909873;2pjV3Lwx;False
368;316551;dr4xBiuA;False
369;116282;Fun8FY4Q;False
370;206073;BuvfKE4y;False
371;723623;L63WjECY;False
372;905907;GK5fkMtx;False
373;584765;JRsC2hb8;False
374;972397;B994AUYi;False
375;911783;8FnBo7hN;False
376;112663;fYWyD9WJ;False
377;831973;qTM3GVDb;False
378;758892;6Wv4yJRM;False
379;854693;GL7V7mxQ;False
380;243217;uGYfC4US;False
381;568942;93kjF7N7;False
382;953532;9rmBoh4z;False
383;206950;5n8CAQ4Z;False
384;549890;NmXUQ47i;False
385;425050;H37AovL7;False
386;760634;HumYK6yM;False
387;566743;rpGV4Hoq;False
388;142747;aHJx2zRS;False
389;366592;zBU8hzVv;False
390;733527;5qnW5yry;False
391;144156;9rXjhnbD;False
392;598889;ygPB7nfF;False
393;821065;N2xo7Hmg;False
394;906423;uD5dtdT4;False
395;241775;3MX2vied;False
396;889524;3m4PvnSs;False
397;846585;oeteT6Kc;False
398;859995;MdiSVvv3;False
399;869544;TVF98FyH;False
400;234792;pSs6Amiy;False
401;158255;Agw84KBF;False
402;722583;jy6JxJfe;False
403;175974;m2WXDWRc;False
404;490373;MtQ7gDKp;False
405;117648;xDE6GCwL;False
406;845247;n4MiW7vr;False
407;764875;4AQnrQNf;False
408;930933;szRB68Bw;False
409;644312;tXzS88RX;False
410;302843;iF5RxfWL;False
411;209225;LjptXCE5;False
412;842173;5obiiXrJ;False
413;603186;ELj5irCk;False
414;132161;KeJ3NhUu;False
415;804946;mQv95YXu;False
416;575326;iqezEt5F;False
417;877781;QCJh3ubN;False
418;490712;bAPMu6zz;False
419;532276;vm7v9PUs;False
420;183264;eAnmP4yC;False
421;262487;KXcR8etR;False
422;883790;Jiqvm5DV;False
423;138849;GxYAn29h;False
424;968829;QoAE8Vwc;False
425;547849;Tu8hrnCQ;False
426;837625;kS85JgRw;False
427;288780;BJM5SkJW;False
428;810061;jCr6n7nZ;False
429;709966;DLVYby42;False
430;855395;a9jHLoKc;False
431;414642;pVP6VrZs;False
432;384551;XAo2sQrq;False
433;334566;kYa754JJ;False
434;290897;K4eoN83W;False
435;409416;4u7safX9;False
436;403983;J42cd7XD;False
437;295006;wZdy2feA;False
438;507927;g95mWQs7;False
439;158211;usTU532p;False
440;370042;iqgHqD4b;False
441;154600;NVtJvz7C;False
442;692561;4CN4J3i4;False
443;213615;vxPmT6Tk;False
444;340379;5AmmNE48;False
445;381245;CAeD7ent;False
446;474286;isnwFB8t;False
447;940124;y3vB59TW;False
448;410762;EydBqcp6;False
449;599471;V5RSXTgA;False
450;939690;bHcpRh5X;False
451;782237;TV5LK5vW;False
452;444090;9t3FHBG3;False
453;981738;AiAF6kGh;False
454;430015;RShX7qFw;False
455;535179;sz5tJfnd;False
456;916048;pmT8R39Y;False
457;782176;4wx89LFL;False
458;451896;pf3hQ5bg;False
459;255008;4Vpp3XR7;False
460;659290;4TuRSbww;False
461;656806;Qw4GmCaW;False
462;855297;Hi2cEVEL;False
463;457920;3QP7ZVjA;False
464;533672;RKJt3XiE;False
465;185222;6WLsBCmE;False
466;372237;T84sxAQA;False
467;588555;3uZqcTQS;False
468;647515;gFxnWCW6;False
469;458678;TRZFjk7b;False
470;843836;x7dK2xQy;False
471;272706;6cEp7zrc;False
472;528624;SViZZf3H;False
473;474530;u3gkL3ep;False
474;517755;ReoQ8dAk;False
475;208028;WQxN3d7q;False
476;608301;Qug746QZ;False
477;658453;i6UKicxp;False
478;856571;htu4tXB2;False
479;361443;H6eyRqj6;False
480;866039;6mgMJp92;False
481;639717;HPK9gDG4;False
482;435786;gpJ7Lfbr;False
483;191641;g8ksRHV8;False
484;184532;F4NPi8vp;False
485;850088;7MZicSzA;False
486;823835;ek7MG5Fc;False
487;456869;yMgQEZw8;False
488;776663;xCc6VjZv;False
489;944793;Ufr2uSXz;False
490;226981;2zioMNvk;False
491;862268;QuG8A8YH;False
492;364244;Nxqrh6xL;False
493;534158;2SYAgBFr;False
494;153254;STQ6jsif;False
495;181279;zXSYdkG2;False
496;170463;6PtnYeL3;False
497;195229;k8r8voyP;False
498;659320;yn4v7XZx;False
499;572384;kXi6jvBm;False
500;231000;qbe2vuWj;False
501;501675;LBc3r4qP;False
502;560007;8GuDfnZj;False
503;150413;EPH8aQBy;False
504;488087;D58dpyXx;False
505;827551;Zu6uNUB2;False
506;129885;W8rqNcaS;False
507;570174;7CkdbaXn;False
508;809627;4uUHNezE;False
509;173350;49jyUdJ7;False
510;227043;7SbpVyBj;False
511;174376;Lq8USX7U;False
512;331987;cuQNdq82;False
513;347408;KJTFLf7w;False
514;378282;bh2NYTy7;False
515;827693;kz5hQZhB;False
516;690573;f2ACxZB7;False
517;559702;UPMeMo7h;False
518;453650;Q5Z8UEp4;False
519;541157;umUNaSb5;False
520;896860;XqL9r5wN;False
521;702789;B7n7Nhko;False
522;869517;h3e4YijS;False
523;436809;j3dK5jgH;False
524;829140;3NzthL9i;False
525;724912;iVGoPdG7;False
526;947335;ymt2ZLxk;False
527;489342;G3qB2HqY;False
528;908278;Q8M5c3yx;False
529;879993;W84bLYhN;False
530;907332;apkB3qFH;False
531;810912;bjHriZS9;False
532;160597;DZKk2WFJ;False
533;610624;T76NHc9x;False
534;176898;pCRDs5yY;False
535;388045;KH2nvY8z;False
536;252076;JWPfQ5or;False
537;313163;jtCT2mod;False
538;277368;NTSoX6qh;False
539;538726;VvrLBw2H;False
540;191713;K3G3iSHm;False
541;825173;UysayUQ2;False
542;588104;pF99yyzH;False
543;880119;Em2YCx6g;False
544;824852;Z8B5BpcQ;False
545;648389;uY79WpgP;False
546;716906;vWeGPq6v;False
547;753721;A6aLB66q;False
548;393693;FiDz9ueD;False
549;812584;sLiPj6AA;False
550;766158;Jm95vhV8;False
551;156249;sTPg2ejN;False
552;497988;BEviRU4A;False
553;642969;efod46oE;False
554;630820;ujA4gUby;False
555;300682;QJZze3LJ;False
556;419745;VGKoYX2o;False
557;724676;LTKRdZ3r;False
558;794265;Vx9DHWUU;False
559;350567;9anRPAnD;False
560;169685;AjBUoi7K;False
561;829377;bZsDk7CM;False
562;346014;mrV6F4uZ;False
563;367373;bSe3FjhK;False
564;731854;u8wCLvtz;False
565;351818;duBGNKG6;False
566;803089;Q2P5seXE;False
567;218491;twr9N4BC;False
568;785029;5U8jhC64;False
569;922157;2mG42RKJ;False
570;802680;Nu6VQRsR;False
571;927138;7ziNKw8M;False
572;262942;ZSdKUS9U;False
573;150036;jDT9WJRJ;False
574;838770;cKVRG4oX;False
575;179642;zJ2sj6Vc;False
576;295956;L5KqVqsM;False
577;322199;BfrCzY4Z;False
578;410081;2S3AENqi;False
579;612053;zkM9HMsW;False
580;513477;vDaobY9b;False
581;611971;h7AoKWRn;False
582;847526;66vfM4tR;False
583;390591;ASw6dDqK;False
584;525542;Z8iBMqRa;False
585;460561;zS6yaRf9;False
586;148823;BiLRV9NL;False
587;202965;zTh8AaYW;False
588;191789;eMHWEE5M;False
589;594223;XoMzXox7;False
590;920670;pzYAw3Jt;False
591;571472;8iCAKhMp;False
592;636030;B8MAmE7N;False
593;139271;wmHHnf4q;False
594;651567;vWQ6Z3GH;False
595;362579;a4UmHyvb;False
596;900319;QKqCpnd3;False
597;595546;idKu3kqb;False
598;393440;Zi4FGENj;False
599;162636;BrBMn5Am;False
600;484643;6FZZ6YTd;False
601;368009;vJg8pNrZ;False
602;209534;fCuQ6xxi;False
603;620132;HrD7RhGy;False
604;570251;8VFrrrAA;False
605;198870;ZLYKvpH5;False
606;422819;X7TxZJGk;False
607;658701;6xGipb5d;False
608;396090;o9uvLhX6;False
609;379922;2vQcgDWN;False
610;950371;eSs9hTXH;False
611;831744;pPH6vcm2;False
612;584364;Q3uN9dxj;False
613;451795;kgZ27dKw;False
614;413860;znXX4h2s;False
615;468428;xEUkPjj9;False
616;286040;jiNLhSQ5;False
617;801304;R32KS8Mk;False
618;546779;qAzXuWw8;False
619;837977;hhMJ7AaR;False
620;188930;XAHi5LAa;False
621;307563;hucnL2Xp;False
622;439868;gmXEd9yV;False
623;831397;EPa9QLdR;False
624;915897;bTSo5b9c;False
625;830981;sYx3SYgY;False
626;401909;8v4Fcqn2;False
627;365357;5pX6mYa9;False
628;956479;FFddo2Dr;False
629;216007;WFSZmvL7;False
630;345521;wRgv2Zku;False
631;517314;pDZWPbW2;False
632;557604;8hqsM9KZ;False
633;146191;gNyT3xV8;False
634;936178;ME5vC7HL;False
635;776658;8BXi2tzr;False
636;838096;bNhx3cE8;False
637;509203;rzb2Bgsq;False
638;263840;22SWr57Q;False
639;392790;iDNfmzj7;False
640;330877;3S2ASJov;False
641;206474;PRvVLA9q;False
642;120948;GT8Vr5cQ;False
643;991410;w6K5rj4a;False
644;746307;TCXri2cg;False
645;367912;p9Qozj5u;False
646;828124;DxvSK7Bp;False
647;144203;krVH6de3;False
648;586182;RmUx3R3M;False
649;623701;oW3qnnyi;False
650;279299;f3n6bRVn;False
651;351646;xo2xTRcW;False
652;618611;rYCUNd6V;False
653;919261;RFL5iXvN;False
654;630863;TxN7Cfh8;False
655;180217;BVj7Gatx;False
656;971523;FYfabm3F;False
657;814162;JuUV9P6v;False
658;981744;qE8Z6umX;False
659;858649;XrMcJ5Rj;False
660;266330;qPdUV6z6;False
661;994299;ZN5ELwSY;False
662;560276;RFR28tfb;False
663;665999;8kBTgroP;False
664;853792;5UwFv4E9;False
665;899976;Zv47Vozu;False
666;287414;neM57R9j;False
667;773330;mLbVK7AW;False
668;553763;jFFJkq5U;False
669;515775;jL5LwP4N;False
670;884420;4BtcLKog;False
671;326639;F7yvyjy9;False
672;253035;ozEWsQK7;False
673;597756;NNKhG4eo;False
674;690215;Y8dd5ASq;False
675;538775;Kzeo5Ctv;False
676;730747;UpcAq25A;False
677;159399;Gov4tVED;False
678;159184;QUGeEuV7;False
679;354752;zEenL8Wm;False
680;479807;yJKp7xyu;False
681;435682;N3b5p2fx;False
682;375925;eyRju4ww;False
683;548276;ZhXd7uiZ;False
684;988837;nYSxMN7e;False
685;719472;sytyZWS6;False
686;746586;voD5J7rR;False
687;878811;5VsxhuaG;False
688;561760;d3yzpRKp;False
689;379216;TKNFu8bZ;False
690;405093;NzEcibc7;False
691;243130;F3jxpSxW;False
692;320943;EH7T4BTz;False
693;262112;3n8Csp36;False
694;943252;kTf2EHw9;False
695;230209;HzDs9myn;False
696;241817;u7Ry6us7;False
697;633534;TGdctuW6;False
698;846786;MDUqxZQ5;False
699;607019;fiKB2daU;False
700;473891;kcYqK6Mo;False
701;938255;78QSYu3n;False
702;966990;hoScCqB2;False
703;310970;GrJK3h2o;False
704;847619;abhzFVR6;False
705;501362;6rwLL4tN;False
706;353518;ZC87t5DQ;False
707;949286;gPKamMT9;False
708;891152;Uv28EATW;False
709;911763;ssmHoaw9;False
710;390069;p2Haxvch;False
711;571995;2QtR35Ed;False
712;366118;ymmg64Ft;False
713;528079;sezn2jT6;False
714;578731;8MXPhLCn;False
715;303670;8b8UybgK;False
716;524662;6Ci2byPt;False
717;755560;rpuSzBB5;False
718;262814;s7eNriTz;False
719;442596;KA7s34Zc;False
720;235673;fxnk2sME;False
721;749164;9bAYvzse;False
722;998958;x9Wg8YXv;False
723;508750;sdHjP6sQ;False
724;372749;JzxLg2AP;False
725;702165;5Qbagbqb;False
726;891407;fsoGM4Zf;False
727;826656;PN3wLRii;False
728;666682;H9bZW6gX;False
729;931154;75KyTuTK;False
730;747173;w4kzGXEf;False
731;718049;ZNnLiTd6;False
732;377451;Xezz6kZV;False
733;835106;3R95X3dS;False
734;386830;Khj6zxmT;False
735;860829;RHf73E8n;False
736;854754;YRwX4ZyC;False
737;122605;5ei3TJf4;False
738;864539;mERZS4yE;False
739;763291;5eY63oV4;False
740;464900;s9mCB43W;False
741;159023;eSxt8bEj;False
742;767831;wMrDeaA6;False
743;590553;q7bSjkV9;False
744;492068;HwzUStN5;False
745;455333;PUu7DJX3;False
746;193244;RUoFk2U9;False
747;284911;6ytExHwv;False
748;961771;sKcEq8zF;False
749;766190;UEXzB5wa;False
750;297894;PaQvyM3Y;False
751;887989;oZdWiS2h;False
752;182442;8oTUYgCV;False
753;460856;vDFW6E3M;False
754;558711;Jwhp9dxa;False
755;584047;rbPujq7s;False
756;131960;sxkacV44;False
757;453074;NbVwm3Bv;False
758;494600;an5Z2PuN;False
759;344057;j9oBQQfU;False
760;709492;Ziws3osA;False
761;679444;ps2k3q5K;False
762;577856;SpeB9BSF;False
763;940610;P6aRPaHm;False
764;445220;hHUFMPt4;False
765;509963;Rt7A2ucF;False
766;997004;ArU4cmMf;False
767;208236;i2Ykwmnb;False
768;963280;r35PXiZv;False
769;334798;jwCuYoc3;False
770;607500;3nDHppzo;False
771;174528;35kJCj6F;False
772;211633;Ddfdd4Ar;False
773;169655;9Vdi8j58;False
774;661954;6WJGtetQ;False
775;724718;ZbD8Yhka;False
776;965694;eg8M7Ujd;False
777;669353;5M23ESgj;False
778;519531;USP8FoBx;False
779;576071;rQa5b9B5;False
780;804500;T7vhihoq;False
781;539632;7EJfgALi;False
782;226729;R7ZuXcgf;False
783;943536;HaQfwwx3;False
784;125544;y5ivdzSA;False
785;613980;hbVS3WAw;False
786;932437;Ziok438B;False
787;279709;evAgN4BF;False
788;708354;AzyEGb7n;False
789;948981;VqHQJ3Ce;False
790;152888;36Pu3UPp;False
791;192823;jyRhv8fa;False
792;495699;XPM7KgFf;False
793;371398;tGd7RnVn;False
794;544149;dp8gAHXV;False
795;878533;4Mt4ETrK;False
796;604373;Npkp3yWL;False
797;957440;HeJwU8Q8;False
798;628627;akgaM2Hw;False
799;263938;F2t5Z99G;False
800;457935;W35GSiBt;False
801;676913;9degqaXH;False
802;950551;tkogUxm5;False
803;881911;syY9sxcz;False
804;945652;ASx3U5CK;False
805;751954;P774haS8;False
806;989122;dj6qnZhu;False
807;879212;K2PbHYTX;False
808;402709;uujWZo4v;False
809;891607;o5jxwRkm;False
810;702025;ZWTSMxs3;False
811;598235;Cg5uW99j;False
812;874282;cB4DW5mc;False
813;531705;4MHeiACs;False
814;394659;fSZLx9E7;False
815;164682;Kx3YkEa2;False
816;287424;esJNz9c4;False
817;225608;MDv7n8jC;False
818;578609;3tuVv2Ez;False
819;627736;Ucckp4jP;False
820;814764;CsNov7hH;False
821;632107;e8SsaYp6;False
822;344940;vKW7f4rb;False
823;938793;9mjj5dEK;False
824;517336;WwNDwc4c;False
825;719991;fA7JkP6x;False
826;132809;wDwe5jny;False
827;477353;ckw5MeHG;False
828;556739;EjxMCgz2;False
829;441232;rgsYq7ru;False
830;749480;3Gbikpqz;False
831;675422;duas3Rhz;False
832;492888;LE3sPYCC;False
833;858332;3uF2n7QR;False
834;896106;qM7b89pQ;False
835;599277;H8xZiRBe;False
836;493632;MXx3NLSG;False
837;675128;VTM2DMgY;False
838;619957;cqfK3QF8;False
839;244420;7qpRxTAr;False
840;744229;mVtiPWD7;False
841;147685;Kiq2aEFY;False
842;483276;Bn8eKLDP;False
843;670510;KvrpMf23;False
844;754125;W2pyDyb9;False
845;881843;2kn7yYNi;False
846;526882;5RReRoWm;False
847;923314;4MrbT4HC;False
848;111887;75GgkGEd;False
849;830111;5vSqFZPd;False
850;284074;VcB8U6cn;False
851;267321;uDB49few;False
852;387265;Ux2PEJfq;False
853;321175;W8JD3w6X;False
854;647199;ZMAH2muQ;False
855;186297;HGVw7FZH;False
856;644349;5ar83c3B;False
857;329398;tWK8rBnh;False
858;192594;j5q59Qiv;False
859;708951;VmJ2Ffrq;False
860;533383;WQK8XJqi;False
861;158760;BSe2ygyj;False
862;449207;atkUgfC6;False
863;240466;bMaUb3Kd;False
864;743902;QKhGZEk3;False
865;116766;jGQi8mMN;False
866;785749;dboe77NH;False
867;283298;h7VS3E5i;False
868;925529;cv6XVPN5;False
869;352738;ZnE472Wb;False
870;745797;JkkYA4nS;False
871;737802;Bfd4xJrw;False
872;256366;j8AvEjEY;False
873;846685;Ff657yRJ;False
874;990368;BrRxx3ZH;False
875;227278;aZwFvB4j;False
876;630325;eivmT96o;False
877;722032;jyk8g5uC;False
878;570470;NjXSK7NW;False
879;595064;k8yikGxF;False
880;508257;HmKx9LwL;False
881;686258;72HsGSo5;False
882;566374;pQ66x3Rf;False
883;410357;2qtJGwHB;False
884;359578;3VkMLb8i;False
885;445000;uae6xYs7;False
886;415628;X9y9YxaG;False
887;124594;6MJqbLqd;False
888;434580;GUWdJAo8;False
889;370918;gUvhc3jx;False
890;874487;6sQNHCiV;False
891;209601;N5omGebU;False
892;735570;zzQb4XWW;False
893;149633;X7ngPx5n;False
894;855675;2UYBcUbG;False
895;849804;nn3GHHUU;False
896;663401;5MRKfKUP;False
897;648123;pfPz4FXA;False
898;697254;AuAXe95R;False
899;901888;fmeJH4Rw;False
900;501324;kgC295US;False
901;614302;2DsysdVD;False
902;860637;4mSgNzm7;False
903;542904;56vBC5K6;False
904;568920;rTsV3xoW;False
905;692138;kdcLu87E;False
906;713087;pSPbj5MP;False
907;253289;DyeL68ET;False
908;915567;uBa7DHDp;False
909;150675;A8J3bZss;False
910;999911;5arXbECN;False
911;504227;UsGtj6RB;False
912;928606;jiP3Gni3;False
913;156732;rsKWj9Gw;False
914;183769;wXDtLc6H;False
915;309491;MoHhz5de;False
916;678147;Zjd9icsZ;False
917;352986;VW3wMb2T;False
918;908303;oksrZRC4;False
919;198612;Az7jr79Y;False
920;278726;9LV5ucUP;False
921;712540;UTBdeJ48;False
922;688552;keLL9u2V;False
923;975688;s5AJpehW;False
924;566629;9aoKaAP4;False
925;122369;Gvhzas48;False
926;298723;HPZviPu4;False
927;382987;jrBNVi26;False
928;183415;S7s887yN;False
929;858870;3BHGnibm;False
930;537086;bSjAxCs8;False
931;573933;5uD2rkCu;False
932;682269;F66CrpLm;False
933;454022;Uzumie5V;False
934;605477;jGRxPA3m;False
935;627460;4Drv3nbh;False
936;764485;GBgPFb5F;False
937;378172;8QgLNj4z;False
938;311120;ziSNV3ar;False
939;897984;vuq5Be9d;False
940;247496;RV5Y7q85;False
941;175906;58eLvyeA;False
942;389452;DWTfX324;False
943;450252;NsegvB53;False
944;156102;zx7adLvk;False
945;452680;hmc2h2MR;False
946;954164;8WHokMwR;False
947;577238;YEPbGc6D;False
948;187725;bw2i9GpU;False
949;734051;63Yr9fz5;False
950;559410;Jxc7MLiU;False
951;996778;Gx79iWdc;False
952;489695;t5BzHF5U;False
953;825777;w5YCq6pw;False
954;879731;eS9TANsN;False
955;951007;M43ja3Ft;False
956;674294;A83dMPe2;False
957;372533;WBz3Gvbc;False
958;919899;2DyteVi7;False
959;485467;Kaca9jyg;False
960;868360;MMwr2Mi6;False
961;254542;DBn8SsH4;False
962;481445;3UnH6kyz;False
963;657135;RFy89bgG;False
964;384787;znhr34E7;False
965;138726;Nj3Pb3ux;False
966;148273;d4cSCDuL;False
967;902839;qAfc7cGX;False
968;407120;9R2wKzaY;False
969;633279;CGQbX6dp;False
970;660626;Z2DsMP2n;False
971;761427;WdBJnmw6;False
972;602974;u3JkMXkR;False
973;560716;8FGcqSou;False
974;875480;2xeDipSw;False
975;275144;t2Jws6Tn;False
976;144081;Fbs82iYR;False
977;514206;Vyh6RXtU;False
978;336097;fbZ2EcYs;False
979;897433;Yc92xPeh;False
980;287825;YiGXm59P;False
981;363252;kVr45UJR;False
982;707548;7nCCHP4L;False
983;197087;Qid7Tjet;False
984;320571;8QP5iLQX;False
985;441477;mHDGE7QA;False
986;566709;TbwmD55u;False
987;448446;iYqiFg9K;False
988;839664;SCwSin68;False
989;456402;Cb28MF8X;False
990;896917;Sey7Mm3u;False
991;794929;7qMME7WW;False
992;142284;6JdurcVV;False
993;604248;E6qm7vs7;False
994;406308;NTxn7MXX;False
995;411819;t8ZaDt2U;False
996;818832;agJegKP6;False
997;389919;JQDnnX29;False
998;711861;2Vy6tTmV;False
999;761464;BPG7GEFk;False
1000;922479;Wg8Sn2LJ;False
